Date,High,Low,Open,Close,Volume,Adj Close
2021-01-01,0.005685000214725733,0.004614999983459711,0.004681000020354986,0.005685000214725733,228961515,0.005685000214725733
2021-01-02,0.013698000460863113,0.005584000144153833,0.0056859999895095825,0.010614999569952488,3421562680,0.010614999569952488
2021-01-03,0.013867000117897987,0.009409000165760517,0.010602000169456005,0.009770999662578106,2707003608,0.009770999662578106
2021-01-04,0.01142099965363741,0.007877999916672707,0.0097850002348423,0.009766999632120132,1372398979,0.009766999632120132
2021-01-05,0.010219000279903412,0.00897200033068657,0.009766999632120132,0.009920000098645687,687256067,0.009920000098645687
2021-01-06,0.010854000225663185,0.009685000404715538,0.009922999888658524,0.010464999824762344,749915516,0.010464999824762344
2021-01-07,0.010532000102102757,0.009162000380456448,0.010453999973833561,0.00974200014024973,520644706,0.00974200014024973
2021-01-08,0.010285000316798687,0.008985999971628189,0.009743000380694866,0.009846000000834465,394462164,0.009846000000834465
2021-01-09,0.010739999823272228,0.009739999659359455,0.009832999669015408,0.010193999856710434,485842353,0.010193999856710434
2021-01-10,0.010866999626159668,0.009177000261843204,0.010192999616265297,0.009859999641776085,458583519,0.009859999641776085
2021-01-11,0.009858000092208385,0.006769999861717224,0.009858000092208385,0.008834999985992908,637956958,0.008834999985992908
2021-01-12,0.009145000018179417,0.007903999648988247,0.008829999715089798,0.008062999695539474,333308457,0.008062999695539474
2021-01-13,0.008646000176668167,0.007786999922245741,0.008062000386416912,0.008616000413894653,240079033,0.008616000413894653
2021-01-14,0.010029999539256096,0.008348999544978142,0.00861900020390749,0.009397000074386597,428369039,0.009397000074386597
2021-01-15,0.009796000085771084,0.008460000157356262,0.00938900001347065,0.009368999861180782,398965925,0.009368999861180782
2021-01-16,0.009530999697744846,0.009139999747276306,0.009367000311613083,0.009265000000596046,258630480,0.009265000000596046
2021-01-17,0.009367000311613083,0.008840999566018581,0.009263000451028347,0.009066999889910221,254487989,0.009066999889910221
2021-01-18,0.00929499976336956,0.008980999700725079,0.009069999679923058,0.009170999750494957,205025648,0.009170999750494957
2021-01-19,0.009612999856472015,0.009019999764859676,0.009171999990940094,0.009097999893128872,249242632,0.009097999893128872
2021-01-20,0.009153000079095364,0.008528999984264374,0.009096000343561172,0.009060000069439411,220205442,0.009060000069439411
2021-01-21,0.009088999591767788,0.008061000145971775,0.00906199961900711,0.008166000247001648,215419839,0.008166000247001648
2021-01-22,0.008768999949097633,0.007654000073671341,0.008165000006556511,0.008523999713361263,185490003,0.008523999713361263
2021-01-23,0.008808000013232231,0.00838799960911274,0.00851999968290329,0.008578999899327755,154393737,0.008578999899327755
2021-01-24,0.008950999937951565,0.008515999652445316,0.008577999658882618,0.008727000094950199,162191977,0.008727000094950199
2021-01-25,0.008879000321030617,0.008275999687612057,0.008727000094950199,0.008383000269532204,180820875,0.008383000269532204
2021-01-26,0.008456000126898289,0.008022000081837177,0.008382000029087067,0.008255000226199627,161173749,0.008255000226199627
2021-01-27,0.0082590002566576,0.007294000126421452,0.008255000226199627,0.007482000160962343,204797186,0.007482000160962343
2021-01-28,0.013825999572873116,0.007350999861955643,0.007480999920517206,0.012555000372231007,2125005503,0.012555000372231007
2021-01-29,0.07797300070524216,0.03234099969267845,0.043733999133110046,0.047162000089883804,25403310432,0.047162000089883804
2021-01-30,0.049901001155376434,0.022487999871373177,0.04680300131440163,0.028176000341773033,8735576553,0.028176000341773033
2021-01-31,0.04528899863362312,0.027101999148726463,0.02819100022315979,0.037195999175310135,8548997882,0.037195999175310135
2021-02-01,0.04324999824166298,0.03336700052022934,0.037053998559713364,0.03487500175833702,6319224026,0.03487500175833702
2021-02-02,0.034926000982522964,0.029194999486207962,0.03491000086069107,0.03152000159025192,3090896595,0.03152000159025192
2021-02-03,0.03910500183701515,0.03114599920809269,0.03149300068616867,0.03711999952793121,3146856788,0.03711999952793121
2021-02-04,0.05786899849772453,0.035944998264312744,0.03722599893808365,0.05328899994492531,13040837601,0.05328899994492531
2021-02-05,0.0537399984896183,0.043540000915527344,0.053043000400066376,0.04693499952554703,6136160058,0.04693499952554703
2021-02-06,0.05830800160765648,0.04490400105714798,0.04693099856376648,0.05759499967098236,5946101275,0.05759499967098236
2021-02-07,0.08435700088739395,0.054239001125097275,0.05750200152397156,0.07878199964761734,14261024073,0.07878199964761734
2021-02-08,0.08494500070810318,0.06470199674367905,0.07835199683904648,0.07882499694824219,12844375210,0.07882499694824219
2021-02-09,0.08312799781560898,0.06562100350856781,0.07877299934625626,0.07006999850273132,7348840814,0.07006999850273132
2021-02-10,0.0810910016298294,0.06852500140666962,0.0701109990477562,0.07289600372314453,6785088422,0.07289600372314453
2021-02-11,0.07430099695920944,0.06829000264406204,0.072843998670578,0.0696759968996048,3818556739,0.0696759968996048
2021-02-12,0.07260999828577042,0.061445001512765884,0.06965000182390213,0.07006900012493134,4190843784,0.07006900012493134
2021-02-13,0.07164599746465683,0.0661349967122078,0.0700249969959259,0.06644999980926514,2618049766,0.06644999980926514
2021-02-14,0.06644800305366516,0.05672299861907959,0.06644800305366516,0.06253699958324432,3984667628,0.06253699958324432
2021-02-15,0.06392399966716766,0.04854699969291687,0.06256800144910812,0.05659100040793419,4944804938,0.05659100040793419
2021-02-16,0.05966800078749657,0.0509830005466938,0.056487999856472015,0.05352000147104263,3409478696,0.05352000147104263
2021-02-17,0.054983001202344894,0.048034001141786575,0.05352199822664261,0.049375999718904495,2976148723,0.049375999718904495
2021-02-18,0.061799000948667526,0.04898900166153908,0.04936299845576286,0.0595409981906414,4551943638,0.0595409981906414
2021-02-19,0.05949699878692627,0.054315000772476196,0.05943400040268898,0.055139001458883286,2949251418,0.055139001458883286
2021-02-20,0.06028600037097931,0.051628001034259796,0.055132001638412476,0.05438400059938431,3175468554,0.05438400059938431
2021-02-21,0.058428000658750534,0.05355599895119667,0.0543689988553524,0.055980000644922256,2450293068,0.055980000644922256
2021-02-22,0.06046599894762039,0.047095999121665955,0.05604400113224983,0.053725000470876694,3366757324,0.053725000470876694
2021-02-23,0.05376800149679184,0.042410001158714294,0.05369799956679344,0.04739199951291084,2394345361,0.04739199951291084
2021-02-24,0.05987299978733063,0.046215999871492386,0.04741400107741356,0.05655499920248985,4148511571,0.05655499920248985
2021-02-25,0.05780800059437752,0.049869000911712646,0.05661499872803688,0.05016700178384781,2356982022,0.05016700178384781
2021-02-26,0.05247199907898903,0.0487079992890358,0.05013800039887428,0.05048000067472458,1694323466,0.05048000067472458
2021-02-27,0.051920000463724136,0.04929700121283531,0.05050000175833702,0.05008300021290779,1286229526,0.05008300021290779
2021-02-28,0.050133999437093735,0.04508800059556961,0.05009699985384941,0.04805200174450874,1408101260,0.04805200174450874
2021-03-01,0.051479000598192215,0.04802900180220604,0.04806999862194061,0.050599001348018646,1494427207,0.050599001348018646
2021-03-02,0.05238199979066849,0.049299001693725586,0.050595998764038086,0.050262000411748886,1346282318,0.050262000411748886
2021-03-03,0.05212600156664848,0.050078000873327255,0.05027800053358078,0.050592001527547836,1093877445,0.050592001527547836
2021-03-04,0.05108699947595596,0.04787899926304817,0.050586998462677,0.05004800111055374,1170617084,0.05004800111055374
2021-03-05,0.05085400119423866,0.04814700037240982,0.0500280000269413,0.049609001725912094,1173113591,0.049609001725912094
2021-03-06,0.052397001534700394,0.049382999539375305,0.049600999802351,0.05098399892449379,1480482384,0.05098399892449379
2021-03-07,0.05214099958539009,0.050572000443935394,0.05098000168800354,0.052122000604867935,945455832,0.052122000604867935
2021-03-08,0.061948999762535095,0.05167200043797493,0.05212299898266792,0.061948999762535095,3554150800,0.061948999762535095
2021-03-09,0.06226800009608269,0.05605100095272064,0.0621040016412735,0.05799800157546997,2466159943,0.05799800157546997
2021-03-10,0.05861600115895271,0.05469200015068054,0.05796400085091591,0.05600399896502495,1534489620,0.05600399896502495
2021-03-11,0.05669799819588661,0.05450199916958809,0.055977001786231995,0.055918000638484955,1233383425,0.055918000638484955
2021-03-12,0.05697999894618988,0.05451299995183945,0.05592099949717522,0.05534899979829788,1287767221,0.05534899979829788
2021-03-13,0.062431998550891876,0.05475600063800812,0.05535300076007843,0.062431998550891876,1869833076,0.062431998550891876
2021-03-14,0.06305199861526489,0.05859199911355972,0.062383998185396194,0.05859199911355972,2752132530,0.05859199911355972
2021-03-15,0.059689000248909,0.05514099821448326,0.05853100121021271,0.05708799883723259,1738710876,0.05708799883723259
2021-03-16,0.058921001851558685,0.05549300089478493,0.057085998356342316,0.05860700085759163,1393771913,0.05860700085759163
2021-03-17,0.058866001665592194,0.056471001356840134,0.05860999971628189,0.057652998715639114,861926643,0.057652998715639114
2021-03-18,0.058827999979257584,0.05414300039410591,0.05764000117778778,0.05738300085067749,909777445,0.05738300085067749
2021-03-19,0.059721000492572784,0.05660400167107582,0.05737699940800667,0.05832799896597862,964747809,0.05832799896597862
2021-03-20,0.06063900142908096,0.0581200011074543,0.05831500142812729,0.05896100029349327,1012934488,0.05896100029349327
2021-03-21,0.05952100083231926,0.056797999888658524,0.058970000594854355,0.05723400041460991,759592996,0.05723400041460991
2021-03-22,0.057732000946998596,0.05490899831056595,0.05725900083780289,0.054962001740932465,696918565,0.054962001740932465
2021-03-23,0.056081000715494156,0.0529399998486042,0.054940998554229736,0.05355599895119667,1040781777,0.05355599895119667
2021-03-24,0.05649400129914284,0.051242001354694366,0.05352799966931343,0.051702000200748444,934537959,0.051702000200748444
2021-03-25,0.052407000213861465,0.04969700053334236,0.05169900134205818,0.051447998732328415,1084214116,0.051447998732328415
2021-03-26,0.05402800068259239,0.05133099853992462,0.05143300071358681,0.05395200103521347,776280028,0.05395200103521347
2021-03-27,0.055435001850128174,0.05352799966931343,0.053939998149871826,0.0543770007789135,753844053,0.0543770007789135
2021-03-28,0.05475199967622757,0.05301300063729286,0.054381001740694046,0.05369799956679344,460472975,0.05369799956679344
2021-03-28,0.05465099960565567,0.05317499861121178,0.053677998483181,0.054051999002695084,537919140,0.054051999002695084
2021-03-29,0.05543399974703789,0.053697001188993454,0.054051999002695084,0.05389999970793724,728906171,0.05389999970793724
2021-03-30,0.05446799844503403,0.05226900056004524,0.053902000188827515,0.05365699902176857,653389282,0.05365699902176857
2021-03-31,0.0701109990477562,0.053644001483917236,0.053654998540878296,0.06198599934577942,5816046822,0.06198599934577942
2021-04-01,0.06224900111556053,0.057333000004291534,0.06196799874305725,0.05766399949789047,2166925111,0.05766399949789047
2021-04-02,0.059484001249074936,0.05580399930477142,0.05765800178050995,0.05580399930477142,1136931403,0.05580399930477142
2021-04-03,0.05810699984431267,0.05529500171542168,0.055776000022888184,0.05740400031208992,938035097,0.05740400031208992
2021-04-04,0.06015300005674362,0.0564350001513958,0.05741100013256073,0.059696000069379807,1513832721,0.059696000069379807
2021-04-05,0.06504999846220016,0.058093998581171036,0.059689000248909,0.06445799767971039,2608613912,0.06445799767971039
2021-04-06,0.0672990009188652,0.05764099955558777,0.06445399671792984,0.05902799963951111,2857060849,0.05902799963951111
2021-04-07,0.06174499914050102,0.058816999197006226,0.059036001563072205,0.06146400049328804,1055257541,0.06146400049328804
2021-04-08,0.06391000002622604,0.06029599905014038,0.061462998390197754,0.06168400123715401,1060465774,0.06168400123715401
2021-04-09,0.06506799906492233,0.06081800162792206,0.061590999364852905,0.06384500116109848,1369793118,0.06384500116109848
2021-04-10,0.0792429968714714,0.06320299953222275,0.06374900043010712,0.07464899867773056,6646627317,0.07464899867773056
2021-04-11,0.07498600333929062,0.06888899952173233,0.07454399764537811,0.07076700031757355,2687720380,0.07076700031757355
2021-04-12,0.09518100321292877,0.07067800313234329,0.07067800313234329,0.09344500303268433,7176815090,0.09344500303268433
2021-04-13,0.14250999689102173,0.09245199710130692,0.09425599873065948,0.12151700258255005,20977679327,0.12151700258255005
2021-04-14,0.18732599914073944,0.1207360029220581,0.12116699665784836,0.18220700323581696,17916620386,0.18220700323581696
2021-04-15,0.4377000033855438,0.1804880052804947,0.18158699572086334,0.36586999893188477,69410680685,0.36586999893188477
2021-04-16,0.3744550049304962,0.23652400076389313,0.36609798669815063,0.28417301177978516,31413404067,0.28417301177978516
2021-04-17,0.349918007850647,0.24643999338150024,0.28510499000549316,0.3204750120639801,23464350388,0.3204750120639801
2021-04-18,0.431751012802124,0.30908000469207764,0.320466011762619,0.40731799602508545,30641432779,0.40731799602508545
2021-04-19,0.4223470091819763,0.2716180086135864,0.40843498706817627,0.31949999928474426,28130646191,0.31949999928474426
2021-04-20,0.3469659984111786,0.29703599214553833,0.31695300340652466,0.3069249987602234,12723463706,0.3069249987602234
2021-04-21,0.3087570071220398,0.25627601146698,0.3059900104999542,0.2609669864177704,11879823706,0.2609669864177704
2021-04-22,0.26837798953056335,0.16366900503635406,0.26102301478385925,0.2485090047121048,16165566164,0.2485090047121048
2021-04-23,0.2893899977207184,0.22989100217819214,0.24954399466514587,0.27021199464797974,11057578568,0.27021199464797974
2021-04-24,0.28877100348472595,0.22630099952220917,0.2697890102863312,0.2511110007762909,6849914675,0.2511110007762909
2021-04-25,0.28045201301574707,0.24802599847316742,0.25123998522758484,0.2706739902496338,5118886527,0.2706739902496338
2021-04-26,0.2796289920806885,0.26492801308631897,0.2714270055294037,0.2721880078315735,3590611310,0.2721880078315735
2021-04-27,0.34466201066970825,0.25623100996017456,0.2722730040550232,0.3236820101737976,14464343767,0.3236820101737976
2021-04-28,0.32388100028038025,0.2969039976596832,0.3232319951057434,0.3051689863204956,5027354503,0.3051689863204956
2021-04-29,0.3397569954395294,0.3029809892177582,0.3047020137310028,0.3375610113143921,5290390982,0.3375610113143921
2021-04-30,0.3971349895000458,0.3282899856567383,0.3375590145587921,0.3929870128631592,10123343703,0.3929870128631592
2021-05-01,0.4000290036201477,0.364874005317688,0.39108699560165405,0.37604600191116333,8040406918,0.37604600191116333
2021-05-02,0.4455670118331909,0.37363100051879883,0.37363100051879883,0.44170698523521423,10526649978,0.44170698523521423
2021-05-04,0.6059978604316711,0.4074333906173706,0.4466226100921631,0.5775914788246155,37862039552,0.5775914788246155
